accountID,name,street,city,state,postal,country
1,"Webbers bagels","32423 Blue Rd",Avon,Ohio,44011,"United States"
2,"Dans Databases","329329 Blue St","San Francisco",California,94116,"United States"
3,"Marks Markers","39203 red st","San Francisco",California,94116,"United States"
4,"Bevs Bees","12312 Blue Rd",Cleveland,Ohio,44147,"United States"
5,Heyno,143,Lake,Oregon,56365,"United States"
6,"Bens Books","2 avenue Gabriel",Paris,NULL,75008,France
7,"Carls Cars","1243312 Blue Rd",Avon,Ohio,44011,"United States"
8,"Robert Costa","200 Park","East Providence",RI,2878,"United States"
9,"Dans Databases","329329 Blue St","San Francisco",California,94116,"United States"
10,"Hugo Andrade","123 Loud St.",Providence,RI,2914,USA
11,"Farhad Elhassani","123 Slow St.",Providence,RI,2914,"United States"
12,Steve,"200 Narragansett Park Drive","East Providence",RI,2916,US
13,Steve,Nara,Mansfield,MA,2916,US
14,"Markus Kolic","2653 Courtlyn Road",Dighton,Massachusetts,2715,"United States"
15,Kris,Stone,Glocester,RI,2814,"United States"
16,"This Guy","66 six street",Providence,RI,2908,"United States"
17,Brunetti,Wunderkind,Glocester,RI,2814,"United States"
18,Farhad,"100 PArk",Woonsocket,RI,2878,US
19,Etessami,Wunderkind,Glocester,RI,2814,"United States"
20,FlatBeer,"123 flatbeer",flatbeer,nh,3062,usa
22,"Gaetan Brosseau","4840 rue des Graminees",Saint-Hubert,Quebec,52162,Canada
23,"Mats Magnusson","Toftahojden 30",Voxjo,Sverige,35592,Sweden
24,Made,Mina,Utama,DPS,55165,Indonesia
25,Joe,St,"New York","New York",10010,US
26,AEO,"19 Hot Metal Street",Pittsburgh,PA,15203,USA
27,"American Eagle Outfitters","77 Hot Metal St",Pittsburgh,PA,15203,USA
28,"FooBar Industries","100 Main St","San Francisco",CA,94107,USA
29,"Carson Street Commons","2529 E Carson Street",Pittsburgh,PA,15203,USA
30,Apartment,"5A Wharton Ct",Pittsburgh,PA,15203,USA
31,"John Armless","Capetosa Street","San Bambino",California,94000,US
32,Jim,"555 Trussville",Trussville,AL,35173,USA
33,Fridosbaldo,"Piracitununga 1000","Los Perdidos",California,94000,"United States"
34,"Bob K Jones","123 Worf St",Hobbitland,NC,27520,"Land of the Hobbits"
35,"John Doe","31 Somewhere Over The Raimbow",Paris,Paris,75000,France
36,"Eli Trujillo","124 Anywhere St",Denver,CO,80215,"United States"
37,"Max Mull","123 MyStreet St",Sunnyvale,CA,94087,USA
38,"Joe Beets","10 Main Street",Clifton,NJ,7012,"United States"
39,"john mule","1 Main Street",Clifton,NJ,94116,"United States"
40,"test myname","123 asdsad",sunnyvale,CA,99870,USA
41,"my lastname","123 sfsdf",sunnyvale,CA,94087,USA
42,C,Street,Chicago,IL,60000,USA
43,Professional,2,3,4,8,9
44,Name,Street,City,State,6000,US
46,"Big Chungus","1234 S 76 St",Chicago,IL,60666,"United States"
47,"Big Chungus","1234 S 76 St",Chicago,IL,60666,"United States"
48,"Big Chungus","1234 S 76 St",Chicago,IL,60666,"United States"
49,"Big Chungus","1234 S 76 St",Chicago,IL,60666,"United States"
50,Ramasamy,"313 first street",Bangalore,Karnataka,560100,India
51,Shrek,swamp,"far far away",dreamworks,1111,anime
52,donkey,"shrek's swamp","far far away",dreamworks,1111,anime
53,"Tizazu Tadesse Gebremichael","5401 76th Ave","San Francisco",Maryland,94116,19
54,"Max Mule33","415 Mission St","San Francisco",CA,94105,"United States"
55,"Peter Parker","20 Ingram St",Flushing,NY,11375,"United States"
56,"MJ Parker","20 Ingram St",Flushing,NY,11375,"United States"
57,"Maxine Mule","415 Mission St",Atlanta,GA,30303,"United States"
58,"Ben Parker","20 Ingram St",Flushing,NY,11375,"United States"
59,"Maximillian Mule","123 High St",Atlanta,GA,30303,"United States"
60,ttf,"5401 76th Ave","San Francisco",SA,94116,19
61,ddddk,"5401 76th Ave","San Francisco",SA,94116,USA
62,Test2019,Test2019,Test2019,Test2019,94105,"United States"
63,Test2020,Test2020,Test2020,Test2020,94105,"United States"
64,Test2021,Test2021,Test2021,Test2021,94105,"United States"
65,James,Test,Test,Test,2000,India
66,Govind,"Sanjay Gandhi Colony",Visakhapatnam,"Andhra Pradesh",530040,India
67,Pattabhi,"Sanjay Gandhi Colony",Visakhapatnam,"Andhra Pradesh",530040,India
68,Gudivada,"Sanjay Gandhi Colony",Visakhapatnam,"Andhra Pradesh",530040,India
69,Sumit,"Pune Street",Pune,maharashtra,345678,India
71,Haribabu,Ameerpet,Hyderabad,Telangana,12345,
73,94105,94105,94105,94105,94105,94105
74,"G Govind","Sanjay Gandhi Colony",Visakhapatnam,"Andhra Pradesh",530040,India
75,"Gudivada Govind","Sanjay Gandhi Colony",Visakhapatnam,"Andhra Pradesh",530040,India
76,"Govind Pattabhi","Sanjay Gandhi Colony",Visakhapatnam,"Andhra Pradesh",530040,India
77,"Pattabhi G","Sanjay Gandhi Colony",Visakhapatnam,"Andhra Pradesh",530040,India
78,something,new,boys,mahama,0,Panama
79,Gabriel,"C/ Cardenal Belluga Edificio: Mundo Piso: 2 A ",Librilla,Murcia,305421,Espaa
80,Ana,"c/ Ilusion",Librilla,Murcia,305421,Spain
81,Anupam,Marathahalli,Bangalore,Karnataka,560037,India
82,Rabin,BTM,Bangalore,Karnataka,560076,India
83,"Dale Burgers",12435,Boulder,Colorado,80305,USA
84,Abhijit,Marathahalli,Bangalore,Karnataka,560037,India
85,Subhashish,Kalamandir,Bangalore,Karnataka,560037,India
86,"Maxine Mule","415 Madison St","San Fransico",CA,94105,"United States"
88,Jimmy,Jazz,Clifton,NJ,94116,US
90,"Harish C","123 street",Hyderabad,TG,94105,India
91,"Ricky Martin","123 Elm Street",Madrid,ES,30456,Spain
92,"Ankur Parashar","3/24,Vidhyadhar Nagar, Jaipur",&#2332;&#2351;&#2346;&#2369;&#2352;,&#2352;&#2366;&#2332;&#2360;&#2381;&#2341;&#2366;&#2344;,302023,India
93,"Cap. America","123 Elm Street",Washington,DC,30456,"W. DC"
94,"jared test 94105","12 Mata sa Nayon St., San Isidro, Galas","Quezon City","Province / Region",94105,Philippines
95,sgsdf,dsadsad,sfdsa,dsdsfd,560068,dsfdsfds
96,"krishna vakati1","845 Mowry Ave",Fremont,California,94536,"United States"
97,Srivatsa,"Test Street",BLR,KAR,560001,India
98,"Srivatsa DK",Teeeeeeee,BLR,KA,560001,IN
99,"Maxine Mule","415 Mission ST","San Fransisco",CA,94105,"United States"
100,Ferr,"c/ Ilusion",Librilla,Murcia,305421,Spain
102,"MaxMillian Mule","123 High ST","San Fransisco",CA,94105,"United States"
104,Max,Humperdoo,Masada,Masada,12345,"Middle East"
107,John,Jenkins,Bogota,Bogota,12345,Columbia
109,"Venkatesh Vinayaka Koneri","81, 4th main, 4th cross, Sundar ram shetty nagar",Bangalore,Karnataka,560076,India
110,"Sowmya Koneri","2526,27th cross, 17th main, Banashankari 2nd Stage",Bangalore,KARNATAKA,560070,India
111,"Amrita Vinod","81, 4th main, 4th cross, Sundar ram shetty nagar",Bangalore,Karnataka,560076,India
112,"Homage and Support to India's Bravehearts","Ministry of Home Affairs","New Delhi",DELHI,560076,india
114,"Amrita Vinod1","81, 4th main, 4th cross, Sundar ram shetty nagar",Bangalore,Karnataka,560076,India
119,Borat,"Nazarbaev koshesi",Nur-Sultan,NA,100000,Kazakhstan
120,"max mule","2210 Fillmore St","San Francisco",CA,94115,"United States"
121,"John Dow",Endofnowhere,Lonely,despair,100000,Imagistan
122,"Maxine Mule","415 Mission St","San Francisco",CA,94105,"United States"
124,"max mule","2210 Fillmore St","San Francisco",CA,94105,"United States"
125,"max mule","2210 Fillmore St","San Francisco",CA,94105,"United States"
126,"Maximillian Mule","123 Hight St","San Francisco",CA,94105,"United States"
129,"Tarun Ray",125,Hyderabad,telengana,800015,India
130,"max mule","2210 Fillmore St","San Francisco",CA,94105,"United States"
132,"LKS Ray",125,Hyderabad,telengana,800015,India
134,"Maxine Mule","415 Mission St","San Francisco",CA,94105,"United States"
141,"Maxine Mule","415 mission st","san francisco",CA,94105,"United States"
143,fhlhfhlfhl;khfl,"5401 76th Ave","San Francisco",SA,94116,19
144,kkkkktkek,"5401 76th Ave","San Francisco",SA,94116,19
148,"Max Mule","415 mission st","san francisco",CA,94105,"United States"
150,"Maxine Mule","415 Mission St","San Francisco",CA,94105,"United States"
151,"max mule2","2210 Fillmore St","San Francisco",CA,94105,"United States"
152,"max mule5","2210 Fillmore St","San Francisco",CA,94105,"United States"
154,"Pratik Chavan","4875 Mowry Avenue Apt no. 115",Fremont,California,94538,"United States"
155,"Maximillian Mule","2210 Fillmore St","San Francisco",CA,94105,"United States"
156,"max mule5","2210 Fillmore St","San Francisco",CA,94105,"United States"
159,dsdsdsd,jnkfjksdfj,snmfjsd,alberta,94105,Canada
162,"Henry Blake","4077 Mash st.",Oijianbu,na,55555,Korea
163,"Hawkeye Peirce","4077 st",Seoul,na,55555,Korea
164,jinisha,"N orchard dr",Mauldin,"IN ",29883,USA
165,sad,pdnjsnsd,sajksbajk,dd,21323,IN
168,Sassa,sfsefvcsa,32r23,dscsd,94105,sas
169,"Pratik Chavan","4875 Mowry Avenue Apt no. 115",Fremont,California,94538,"United States"
170,"Max Mule",Gogol,Karaganda,Karagandinskaya,100016,Qazakhstan
171,TKS,125,Hyderabad,telengana,800015,India
172,test,test,test,test,100016,test
173,"Maxine Mule","415 Mission St","San Francisco",CA,94105,"United States"
174,Nishant,DPS,GZB,UP,201014,IND
176,RD,Radialnaia,Moscow,Moscow,110011,Russia
177,RD,Radialnaia,Moscow,Moscow,110011,Russia
178,ace,erubayeva,karaganda,state,10000,Kazakhstan
179,YOYO,YABALINA,YUMBA,BUMBA,1002009,YOGOLINA
180,Guga,avenu,Tokio,Tokio,5462,Japan
181,vasya,"pupkin st",imaginary,state,10000,Wanderland
182,Adelle,"London Avenu",London,London,512,"Greate Britaine"
186,RD,Radialnaia,Moscow,Moscow,110011,Russia
187,RD,Radialnaia,Moscow,Moscow,110011,Russia
188,HUHA,HOMAMLI,ALIBNA,YUGUCHIKA,1002009,HULIBABA
190,RD,Radialnaia,Moscow,Moscow,110011,Russia
191,MK,"Sosnovaya 13 Street",Vladikavkaz,RNO-Alania,362020,Russia
193,MK,"Sosnovaya 13 Street",Vladikavkaz,RNO-Alania,362020,Russia
194,HYENA,TIMONANDPUMBA,HAKUNAMATATA,SAVANNAH,1002009,AFRICA
196,MK,"Sosnovaya 13 Street",Vladikavkaz,RNO-Alania,362020,Russia
197,"Radar O'Reily","4077 MASH",Seoul,na,55555,Korea
198,RD,Radialnaia,Moscow,Moscow,110011,Russia
199,RD,Radialnaia,Moscow,Moscow,110011,Russia
200,RD,Radialnaia,Moscow,Moscow,110011,Russia
201,RD,Radialnaia,Moscow,Moscow,110011,Russia
202,RD,Radialnaia,Moscow,Moscow,110011,Russia
203,DR,Radialnaia,Moscow,Moscow,110011,Russia
204,DR,Radialnaia,Moscow,Moscow,110011,Russia
205,DR,Radialnaia,Moscow,Moscow,110011,Russia
206,"Frankfurter Sparkasse","Am Rossmarkt 1",Frankfurt,Hessen,60311,Germany
207,Commerzbank,"Am Rossmarkt 2",Frankfurt,Hessen,60311,Germany
208,"Deutsche Bank","Am Rossmarkt 3",Frankfurt,Hessen,60311,Germany
213,Jhon,"Green Av",NY,NY,9911,USA
214,Victor,"Green Av",NY,NY,9911,USA
215,Rajarshee,"32, 3RD CROSS, RAJSREE LAYOUT, MUNNEKOLLAL",BANGALORE,Karnataka,560066,India
218,Tushar,"32, 3RD CROSS, RAJSREE LAYOUT, MUNNEKOLLAL",BANGALORE,Karnataka,560066,India
219,Bob,"32, 3RD CROSS, RAJSREE LAYOUT, MUNNEKOLLAL",BANGALORE,Karnataka,560066,India
220,Rajarshee,"32, 3RD CROSS, RAJSREE LAYOUT, MUNNEKOLLAL",BANGALORE,Karnataka,560066,India
221,"Lonny Love","1212 BrookHaven Ct",Philmore,NY,10442,"United States"
223,"do ",your,best,"and ",12061,rest
224,jo,bhi,karo,dil,12061,lagakar
225,"Maximilian Mule","123 High St","San Francisco",CA,94105,"United States"
226,Rajarshee,"32, 3RD CROSS, RAJSREE LAYOUT, MUNNEKOLLAL",BANGALORE,Karnataka,560066,India
227,suresh,srirangam,"EAST GREENBUSH",NY,12061,"United States"
228,raj,kamal,12144,NY,12016,usa
229,job,mishra,newyork,"east greenbush",12061,usa
231,Rajarshee,"32, 3RD CROSS, RAJSREE LAYOUT, MUNNEKOLLAL",BANGALORE,Karnataka,560066,India
233,deepika,chak,"EAST GREENBUSH",NY,12061,"United States"
234,jey,tik,"EAST GREENBUSH",NY,12061,"United States"
235,priya,albany,RENSSELAER,"NEW YORK",12144,India
236,david,albany,RENSSELAER,"NEW YORK",12144,India
237,Marc,qweret,asdfsdf,sfs,1111,bla
238,"Chona's burgers","Nevad 999","El Paso",Tx,79901,U.S.
239,Marc,Holly,Auckland,Auckland,1111,"New Zealand"
241,RD,JH,JAI,RAJ,302012,India
242,RD,JH,JAI,RAJ,302012,India
243,Messi,"ARG ST","ARG CT","ARG ST",700156,ARG
244,madhu,mss,miracle,ap,531300,India
245,123,123,123,123,12333,India
246,789,789,789,789,789,India
247,YM,"Some street","some city",state,10000,"some country"
254,123,123,123,123,123,India
255,123,123,123,123,123,123
256,madhu,aaaa,aaaa,aaaaa,12345,India
257,mahesk,mss,miracle,ap,123456,India
258,asd,asd,asd,asd,123456,India
259,123,123,123,123,123,123
261,Teref,"Ahmod 15",Sibiu,Alabama,49410,US
262,"Mohammed Ali",003,Dhaka,Dhaka,1214,Bangladesh
265,Silver,"Ahmod 15",RED,AlabamaWS,49410,"United States"
266,AHEND,QUER,WS,CALI,49410,"United States"
268,Smitesh,ASFDDSAFA,ASDFAF,ASFDF,12313,III
269,ASDASDASD,ASFDDSAFA,Vadodara,ASFDF,12313,III
270,"Shaiket Ali",007,Dhaka,Dhaka,1214,Bangladesh
271,RRRRRRRRRRRR,RRRRRRRRRRRRR,RRRRRRRRRRRR,asfadsfa,12313,QEWQWE
272,FForce,STR,SFO,Michigan,98777,"United States"
273,ssForce,STR,CLE,Michigan,98777,"United States"
274,ssForces,STR,CLE,Michigan,98777,"United States"
275,sdfsdf,STR,CLE,Michigan,98777,"United States"
276,df,STR,CLE,Michigan,98777,"United States"
277,dig,bijoy,"EAST GREENBUSH",NY,12061,"United States"
278,"AG Test","Street Test",Noida,UP,201301,India
279,"Eddy P","200 Mardison street",Frisco,TX,76205,USA
280,Bobsar,"8 Gani Williams",Lagos,Lagos,123,Nigeria
281,"AG Test2","Street Test",Noida,UP,201302,India
282,"AG Test3","Street Test",Noida,UP,201303,India
283,"AG Test4","Street Test",Noida,UP,201301,India
284,sumit,erere,RENSSELAER,"NEW YORK",12061,India
285,rajkamal,"10 east greenbush",albany,ny,12061,"United States"
286,johnson,"204 done ","fort myers",tx,75077,usa
287,Alfa,"Stars Bvd",Honolulu,Hawaii,90000,"United States"
289,Kutty,Westin,Madhu,Bharat,500081,AP
290,Lassi,Westout,Madhu,hhors,500081,AP
291,Messi,"ARG ST","ARG CT","ARG ST",700156,Argentina
292,Ronaldo,"Ronaldo st","Ronaldo ct","Ronaldo st",700156,Portugal
293,Ronaldo2,Ronaldo2st,"Ronaldo2 ct","Ronaldo2 st",700156,Portugal
295,Ronaldo2,Ronaldo2st,"Ronaldo2 ct","Ronaldo2 st",700156,Portugal
296,"Abhi test",A-122,DELHI,delhi,110045,"United Kingdom"
297,"Alfa Drive",Kremlin,Moscow,Moscow,123100,"RUSSIAN FEDERATION"
298,"BobaLink Booskings","9999 South Street",Willoma,ID,33333,USA
299,"BobaLink Booskings","9999 South Street",Willoma,ID,33333,USA
300,"Montgomery Ward","219 Easy St","Colorado Springs",CO,80909,"United States"
301,"Burlington Textiles Corp of America","525 S. Lexington Ave",Burlington,NC,27215,USA
305,Mark,"2139 lawrence",Sunnyvale,CA,94056,"Unites States"
306,"Violet Grey","3456 hope dr",Sunnyvale,CA,94105,"United States"
307,"Morgan Stanley","1111 sata fe",Sunnyvale,CALIFORNIA,94105,"Unites States"
310,Jaya,"9th Ave SW",Calgary,AB,94105,Canada
311,"Pranav Narendra Joshi","Vasantha Valley, Whitefield,kondapur, Apt 406 Lotus Apt",Hyderabad,Telangana,500081,India
312,"Pranav Joshi","1806 Aurum PBEL CITY, Peeramcheru Village,RajendraNagar Mandal,Ranga Reddy District","PEERAMCHERU,HYDERABAD",Telangana,500091,India
313,Julia,Test,NYC,NY,1001,"United States"
314,"Pranav Narendra Joshi","Vasantha Valley, Whitefield,kondapur, Apt 406 Lotus Apt",Hyderabad,Telangana,49105,India
315,Abdul,"JP nagar street",Bangalore,Karnataka,560000,India
316,Tom,"12345 XYZ Street",Reston,Virginia,20190,USA
318,"Daniel Hohenstaufen","Herrengasse 16",Graz,Steiermark,8010,Austria
319,"ASVAJEET RATHORE",THIKANA,NENIYA,RAJASTHAN,341512,INDIA
321,"mujahid hussain",lahorehhh,lahorehhh,222,333,pakistan
322,HUSSAIN,isb,Islamabad,222,45852115,Pakistan
323,123123,1231,23123,123123,12312,3123
325,"Max Mule",204,Hyderabad,Telangana,94105,India
327,"Hugo Hansen","Hansens street","Hansens city","Hansen state",88776655,Hansens
328,"Max Mule",calle,"San Francisco",California,94111,"United States"
329,a,b,c,d,88776655,e
330,1,2,3,4,88776655,5
331,123,321,432,456,88776655,12345678
332,0909,090,0909,0909,88776655,0909
333,ASC1222,"Paulione Blvd","Ann Arbor",MI,40103,"United States"
334,ASC1222222,"Paulione Blvd","Ann Arbor",MI,40103,"United States"
336,ASC122233,"Paulione Blvd","Ann Arbor",MI,40103,"United States"
337,ASC12222223,"Paulione Blvd","Ann Arbor",MI,40103,"United States"
338,"Phils Burgers","12345 Green Rd",Boulder,Colorado,13935,Sweden
342,Mark,"1240 Sandra Dr",Chelmsford,MA,12345,"United States"
343,Jeff,"333 Sandra Dr",Chelmsford,MA,12345,"United States"
344,"Maxine Mule26","415 Mission St. #26","San Francisco",CA,94105,"United States"
345,Mauricio,"san francisco",autlan,golondrinas,55555,mexico
346,"Maxim Mule26","415 Mission Street #26","San Francisco",CA,94105,US
347,"Maxine Mule","415 Mission St. #26","San Francisco",CA,94126,US
348,"Mati Test","Test Street 123","Test City",Test,19961999,Argentina
349,"Friuli Merovinger","Herrengasse 16",Graz,Steiermark,8010,AUT
350,"Thomas Merovinger","Herrengasse 16",Graz,Steiermark,8010,AUT
351,"Paul Carolinger","Shloberg 17",Graz,Steiermark,8010,AUT
352,mau2,mau,222,22,55555,2222
353,Devis,devis,Rome,Rome,1234,Italy
354,Devis,milan,milan,milan,2345,Italy
355,"Conradin Hohenstaufen","Sacktrasse 3-5",Graz,Steiermark,8010,Austria
356,"Margarete Premysl","Ellenberger Allee 90",Graz,Steiermark,8010,AUT
357,"Ottokar Premysl","Eggenberger Allee 90",Graz,Steiermark,8010,AUT
358,MarkTest,"Tallwood Ave",SYDNEY,NSW,2122,Australia
359,sreddi,Hitech,HYD,Telangana,500081,India
360,SSR,Motinagar,HYd,Telangana,500018,India
361,Katta,HYyd,HYd,Telangana,500018,india
362,Test,Test,Test,test,534211,india
363,ww,test,Hyd,Ap,500018,india
364,Pat,clayfield,Brisbane,QLD,5011,Austria
365,"Maxine Mule","415 Mission St","San Francisco",CA,94105,"Unitede States"
366,"Jose Cebrian","Castellana 77",Madrid,Madrid,28020,Spain
367,"hello bd",1,Dhaka,,1214,Bangladesh
368,"Pedro Lopez","Capitan Haya",Madrid,Madrid,28020,Spain
369,"Raul Garcia","Castellana 77",Madrid,Madrid,28020,Spain
370,venky,dsf,fdg,"Andhra Pradesh",520015,India
372,venky1,dsf,fdg,"Andhra Pradesh",520015,India
373,"Maxine Mule","415 Mission St","San Francisco",CA,94105,"United States"
374,mau,2,2,2,2,2
375,"Maximilian Mule","123 High St","San Francisco",CA,94105,"United States"
376,surya,"krishnakanth ",Hyd,Telangana,864,india
378,Testing,"Test Street","Test City","Test State",58852,"Test Country"
379,"Testing More","Test Street","Test City","Test State",85852,USA
380,Mule,"332 GreenRoad St",Dallas,TX,12345,"United States"
381,venkatesh,bhogapuram,vizag,AP,891,India
382,"Testing More Again",Test,Test,Test,85852,Test
383,"And Another",Test,Test,Test,85852,Test
384,"Test records","456 Green St",Houston,TX,12345,"United States"
385,"Julian Eldon","123 Fake St",Mesa,AZ,85212,"United States"
386,Jackey,Shu,Fram,US,1010,US
387,Vaishalee,Greenview,Framingh,Mass,10101,US
388,"Penelope Fae","123 Fake St",Mesa,AZ,85212,"United States"
389,Pat1,Albion,Brisbane,QLD,5011,Australia
390,Bigil,Verithanam,Chennai,"Tamil nadu",600097,India
391,Bigil,"Verithanam Verithanam",Chennai,"Tamil nadu",94105,India
392,Vincity,"S Deguzman",Valenzuela,"Metro Manila",1441,Philippines
393,mule,mule,mule,MULE,789456,INDIA
395,SRINU,HARIPALM,VIZAG,AP,531033,INDIA
396,AMMA,AMMMA,AMMMA,AMMMMA,123456,INDIA
398,Vaaraahi,"Raja Street",Nandyal,Andhra,518501,India
400,1,1,1,1,1,1
401,abczxy,abc,abc,abc,0,abc
405,test3,test3,test3,test3,94105,test3
406,test5,test5,test5,test5,94105,test5
408,test5,test5,test5,test5,94105,test5
409,"Carlos Santana","Elmstreet 11","Mexico City",,99999,Mexico
410,test6,test6,test6,test6,75019,test6
411,test7,test7,test7,test7,94105,test7
417,"Testing One More Time","Test Street","Test City","Test State",85852,USA
419,Adam,"1 Main St.",Boston,MA,2145,USA
420,Vaaraahi,"Raja Street",Nandyal,Andhra,94108,India
422,Vaaraahi,"Raja Street",Nandyal,Andhra,518501,India
423,"Maxine Mule",12St.Basilia,basel,Basel,312,SZ
426,tejsa,bal,zua,zzua,415,zua
427,Gabriel,"Av 123",Zaraza,CABA,1714,Argentina
428,"King Kong","Hauptstr. 124",Karlsfeld,Bayern,85757,Deutschland
429,Adam,"1 Main St.",Boston,MA,2145,USA
431,Eve,"1 Main St.",Boston,MA,2145,USA
432,"Perico Garcia Perez","Poeta Blas de Otero, 18 3B",Madrid,Madrid,28017,Espaa
433,Arunoday,"Queens Garden 17","Pune City",Maharashtra,411001,India
434,"Brain Stone","123 Sawmill Road",Columbus,OH,43220,USA
435,"Brain Stone 2","123 Sawmill Road",Columbus,OH,43220,US
436,Test,"Test Street",TestCity,NM,80011,US
439,Test123,"Test Street",TestCity,NM,80011,US
440,Test1234,"Test Street",TestCity,NM,80011,US
441,honululu,timbaktu,pampapur,kualalampur,123432,taiwan
442,arunoday009,Barra,"Kanpur City","Uttar Pradesh",208027,India
445,Anita,"Queens Garden 17","Pune City",Maharashtra,411001,India
446,watermark,test,hyb,ap,94105,ind
447,"Brian Stone 3","123 Brian Street",Columbus,OH,43221,USA
448,"Brian Stone 3","123 Brian Street",Columbus,OH,43220,US
449,"Brian Stone 4","123 Brian Street",Columbus,OH,43220,US
450,"Brian Stone 5","123 Brian Street",Columbus,OH,43220,US
451,"Brian Stone 6","123 Brian Street",Columbus,OH,43220,US
452,"Brian Stone 7","123 Brian Street",Columbus,OH,43221,US
453,"Brian Stone 8","123 Brian Street",Columbus,OH,43221,US
454,"Brian Stone 9","123 Brian Street",Columbus,OH,43220,US
455,"Brian Stone 10","123 Brian Street",Columbus,OH,43221,US
456,"Brian Stone 11","123 Brian Street",Columbus,OH,43221,US
457,MaxMule,"Queens Garden 17","Pune City",Maharashtra,411001,India
458,"Latika Singh","340 Burchett Street, Apt 307",Glendale,CA,91203,"United States"
459,"Maxine Mule","Queens Garden 17","Pune City",Maharashtra,411001,India
460,"Ripu Singh","340 Burchett Street, Apt 307",Glendale,CA,91203,"United States"
461,Vishal,"340 Burchett Street, Apt 307",Glendale,CA,91203,"United States"
462,Sak,123,syosset,NY,11791,USA
464,Lisa,whitefields,hyderabad,telangana,890076,india
465,apple,santa,arandelle,frozen,1234567,india
466,PVTest,"TEst Street",Apex,NC,27612,US
467,PVTEst2,"TEst Street2",Cary,NC,27519,US
468,PVTest3,"test street3",Morrisville,NC,27519,US
469,"Watermark Test PV","Watermark street",Raleigh,NC,27519,US
470,Bishal,"Shubhash Nagar",KARIMGANJ,ASSAM,788710,India
471,Bishal,"Shubhash Nagar",KARIMGANJ,ASSAM,788710,India
472,Jaswanth,"Shubhash Nagar",KARIMGANJ,ASSAM,788710,India
473,Debapriya,"Shubhash Nagar",KARIMGANJ,ASSAM,788710,India
474,"Onita Atsushi","Namida No Charisma",Fire,BarbedWire,123456,Japan
475,Vaibhav,"14000 Floyd ST","Overland Park",KS,66223,USA
476,"Tazan Goto",FMW,Dokka,Shiran,123456,Japan
477,"Marie DIMI","1 Rue marcellin berthelot",aubervilliers,"Seine saint denis",93300,France
478,"Marie DIMI helena","1 Rue marcellin berthelot",aubervilliers,"Seine saint denis",93300,France
479,abcdef,Montebello,Montebello,California,90640,"United States"
480,121212,Starbucks,Montebello,California,90640,"United States"
483,"Brian Company","1 Main Street",Bloomingdale,NJ,7403,US
484,raj,"LUCCIA ST",Irving,TX,75063,USA
485,Ram,"LUCCIA ST",Irving,TX,75063,USA
486,Leela,"davis ct",Irving,TX,75063,USA
487,Harshi,"davis ct",Irving,TX,75063,USA
488,No,Body,Some,Where,1245,Any
489,John,Street,City,State,40721,Any
490,Bobsar,"8 Gani Williams Close",Lagos,Lagos,111222333,Nigeria
491," Maxine Mule","415 Mission St","San Francisco",CA,94105,"United States"
492,"Maximilian Mule","123 High St","San Francisco",CA,94105,"United States"
494,"SAM Smith","7777 West St",Atlanta,GA,99999,US
495,"John Johnson","55555 st",Atlanta,GA,99999,US
498,"Sue Smith","East St",Atlanta,GA,99999,"United States"
499,dsvfs,sdfsgs,sdgsdg,sdfsdg,86100,xgdzsgzdg
500,test,street,city,CA,1960,US
501,sdfsfddf,dsfxcvxcv,xcvxdgv,dxfgsdg,86100,cc
504,Baromer,"Steam 123","Buenos Aires",-,123,Argentina
505,Patricio,"Mitre 777","Ciudad Autonoma de Buenos Aires",BA,1425,Argentina
506,sForce,"The Landmark @ One Market","San Francisco",CA,94087,US
508,"maxim mule",1,city,state,35592,Sweden
509,Vaaraahi,"Raja Street",Nandyal,Andhra,518501,India
510,Miguel,Hidalgo,Quereatro,Queretaro,76000,Mexico
511,"Maxine mule","415 madison street","San francisco",ca,94105,"United States"
512,Rogelio,Pasteur,Queretaro,Queretaro,76101,Mexico
513,Camilo,Zaragoza,Queretaro,Queretaro,76000,Mexico
514,James,"F. Manalo",Taguig,NCR,1638,Philippines
515,Bishal,"Shubhash Nagar",KARIMGANJ,ASSAM,788710,India
516,Jaswanth,"Shubhash Nagar",KARIMGANJ,ASSAM,788710,India
517,zhy,951107,aa,aa,94105,aa
518,"Someone Else","Other Street","Same City",any,40721,some
519,Ruben,"Rua do sobe e desde",lisboa,rossio,12345,portugal
520,Rhea,Q-city,Hyderabad,Telangana,500019,India
521,Rhea1,Q-city,Hyderabad,Telangana,500019,India
522,Rhea2,Q-city,Hyderabad,Telangana,94108,India
523,"Maxine mule","415 Mission st","San Francisco",CA,94105,"United states"
524,Ramya,"SBI colony",Chennai,CA,94105,"United States"
525,Ramya,"SBI colony",Chennai,TamilNadu,600092,India
526,Anurag,sqo,pune,Maharastra,411057,India
527,kjo,ijij,ijij,iojoi,9999,jii
528,"Gergely Kokavecz","Grosvenor Place, 225 George Street",Sydney,"New South Wales",2000,Australia
529,"Peter Li","550 Bourke Street",Melbourne,Victoria,3000,Australia
530,Anurag222,sqo,pune,Maharastra,411057,India
531,Anurag348920r,sqoqxw,punexs,Maharastraxs,411057,Indiaqxs
533,ytutiuyti,tyiyti,yi,ghii,12324,fdhjh
534,g,g,g,h,5,h
536,"Maxine Mule","415 Mission St","San Fransisco",CA,94105,"United States"
537,MAx,"231,High ST",Delhi,Delhi,12365,India
539,Karthik,"Shubhash Nagar",KARIMGANJ,ASSAM,788710,India
540,"Gabriel Garcia","4545 Abasolo St",Colima,Colima,58746,Mexico
541,SeanRoe,"Erika-Mann Str 31",Muenchen,Bayern,80636,Germany
542,"Sean Roe","Johann-Teufelhart 59",Dachau,Bayern,85221,Germany
543," john doof","basin street",nawlins,LA,70112,USA
544,Steve,Eronwu,lagos,Lagos,111222333,Nigeria
545,"Max mule test","stret test","city test",sapos,22277,mexico
547,"Maxine Mule","415 Fake Street",Toronto,On,111222,Canada
548,"Neo Meteor","400 Hie",Morpheus,Matrix,0,END
549,"Fred Flintstone","99 Jurassic Lane","Big Lake",NY,99999,Dinoland
550,"Fred Flintstone","99 Jurassic Lane","Big Lake",NY,99999,Dinoland
551,"Wilma Flinstone","Jurassic Lane","Big Lake",NY,99999,US
554,Tue,Street,City,NM,80001,US
556,Test1,"Test Street1",TestCity1,NM,80011,US
557,Test11,"Test Street11",TestCity11,NM,80011,US
558,Test12,Street12,City12,NM,80001,US
559,test898,Street888,City,NM,87777,US
560,JMS,"JMS Street",JMS,NM,80009,US
561,TestName,"Test Street1",TestCity,NM,80011,US
562,TestNameqqqq,"Test Street1qqq",TestCity,NM,80011,US
563,TestNameqqqq222,"Test Street1qqq222",TestCity234,NM,80011,US
570,Max,"231,High ST",Delhi,Delhi,12345,India
571,sarin,ben-street,hankin,khk,11582,US
572,jyothsna,Sainidhi,Tirupati,AP,517505,India
573,"wandy craft","SRNO 56/B TARWADE WASTI, KRISHNA NAGAR,LANENO-17",PUNE,Maharashtra,212,
574,Sample,ssss,cccc,sssssssss,517505,In
575,"Amit Choudhary",airport,jammu,jk,180003,India
576,"Amit Choudhary",airport,jammu,jk,180003,India
577,"umar sohail","mustafa street",lahore,punjab,54000,pakistan
578,"Amit Singh",airport,jammu,jk,180003,India
579,Free,hhh,hhh,hhh,90909,hnhn
580,Test,"SBI colony",Chennai,TamilNadu,94105,India
582,test,test,test,test,54004,test
583,test,test,test,test,54000,test
584,umar,this,that,ye,54000,"kuch ni"
585,"New record",test,test,test,94111,test
586,"Fritz Berger",Fritzstreet,Fritzingen,Fritzstate,66606,Fritzlow
587,"test Zain JMS",test,test,test,94111,test
588,"MAX MAX","123 Free street",Toronto,ON,111222,Canada
589,Wolly,Wollystreet,Wollycity,Wollate,66606,Wolland
590,Manolito,"Danzon Street","Nueva York","New York",1234,USA
591,"Siva Anandhi","103 Sowripalayam road",Coimbatore,"Tamil Nadu",641045,India
592,Annita,Siempreviva,Springfield,Ehh,1231,EEUU
593,Prudhvi,"STV Nagar",Tirupati,ANDHRAPRADESH,517501,India
594,"Kisha Loraine J. Pedrosa","Salinas Drive","Cebu City","Cebu Province",6000,Philippines
595,Sanjay,"amar arma genesis, baner road, baner",pune,maharashtra,411045,India
596,Test,Test,Test,Test,111111,Test
597,"My Neighbor","Danzon Street","Nueva York","New York",1234,USA
598,"My Loving Neighbor","Danzon Street","Nueva York","New York",1234,USA
599,ranjeet_noida,noida,"gb nagar","Uttar Pradesh",201310,India
600,RK_1,"GB NAGAR",BLE,"Uttar Pradesh",201311,India
601,test34,"Vidyavihar, Lonere, baner road, baner",mangaon,maharashtra,402103,India
602,test34,"Vidyavihar, Lonere, baner road, baner",mangaon,maharashtra,411045,India
603,"My next door Neighbor","Danzon Street","Nueva York","New York",1234,USA
604,"Letz Do It.","Danzon Street","Nueva York","New York",1234,USA
605,"caro caro","via monte rosa",milano,lombardia,20142,italia
606,"Walter Frosch","Hamburger Berg",Hamburgo,,20359,Germany
607,"Franz Gerber",Seilerstr.,Hamburgo,Hamburg,20359,Germany
608,"Andre Trulsen",Talstr.,Hamburgo,Hamburg,20359,Germany
609,"stephen dol","via bernardino",milano,Italia,20142,Italia
610,"eva logoria","via leopardo",milano,lombardia,20142,Italia
611,Raj,AECS,Bang,KAR,5600,IND
613,TestIt,tyt,yuy,ryye,46454,US
614,"Shahzad Nasir","1 Mortgage Way","Mount Laurel",NJ,8054,"United States"
615,Miguel,"Calle Prueba","Ciudad Prueba","Estado Prueba",123456,"Pais Prueba"
616,Sky,Heaven,Princesston,Angel,517501,India
617,Prudhvi,"STV Nagar",Tirupati,ANDHRAPRADESH,517501,India
618,Prudhvi,"STV Nagar",Tirupati,ANDHRAPRADESH,517501,India
619,joe_test,test_street,test_city,state_test,1232193,india_test
621,"Ok So","Mystreet 38",Fredrikstad,Viken,1604,Norway
622,S,"Via Meli",Milano,MI,20120,Italy
623,"Ok Sir","Mystreet 39",Fredrikstad,Viken,1604,Norway
625,Raj,dfss,dvsfs,vzsdv,5600,dsfs
626,,,,,5600,
627,"Nicols Aguilar",a,parsippany,NJ,134,USA
629,"max mule","415 mission st","san francisco",ca,94105,"united state"
630,it,"415 mission st",quebec,qc,94106,canada
631,"Maxine Mule","415 Mission St","SAN Francisco",CA,94105,"United States"
632,"Max Mule","Royal docks 14",London,UK,7,Britain
634,"Vikram Kudelli",Vickys,"Willoughby Hills",OH,44094,"United States"
635,oli,"oli 123 Street","oli City","oli State",1069,Philippines
639,"Mark ","Ct blvd",Irving,tx,75063,USA
640,"Mark Andew","Ct blvd",Irving,tx,75063,USA
641,Andre,"Ct blvd",Irving,tx,75063,USA
642,"Tarun NA Kumar","1456, summersweet cir","lewis center",OH,43035,"United States"
648,"Max Mule",chantalouette,St-Etienne,Loire,42100,France
649,ALEX,Morgan,Paris,Paris,94105,France
651,"Siva Anandhi","103 Sowripalayam road",Coimbatore,"Tamil Nadu",641045,India
653,apple1,"103 Sowripalayam road",Coimbatore,"Tamil Nadu",641045,India
654,apple2,"103 Sowripalayam road",Coimbatore,"Tamil Nadu",641045,India
655,santsawan,"west street",ludhiana,punjab,90909,india
656,Anirban,Nayabad,Kolkata,"West Bengal",700099,India
657,Anirban123,"Juan Golfarini",Montevideo,Montevideo,999999,Uruguay
658,"asi adh","Dr Juan Golfarini",Monte,Monte,11300,Urug
659,asi123,Kestopur,Kol,WB,77777,IND
660,asi1234,kesto,Kol123,wba,1234567,INDIA
661,asi12345,kestopu,Kol12345,WBA123,712543,India
662,RK_1,"GB NAGAR",BLE,"Uttar Pradesh",201311,India
663,Silver,street,stan,gb,41279,Sverige
664,432,4432,342,543,41279,Sverige
666,Suman,Test,Hyderabad,Telangana,500022,India
667,Silver,Test,Hyderabad,Telangana,500022,India
668,Fire,Test,Hyderabad,Telangana,500022,India
669,"Diamond Head","Ben 10",Hyderabad,Telangana,500022,India
670,"Diamond Head","Ben 10",Hyderabad,Telangana,500022,India
671,"Test Call",Swaraj,Hyderabad,Telangana,500020,India
672,"Test Call",Swaraj,Hyderabad,Telangana,500020,India
673,"Test Call",Swaraj,Hyderabad,Telangana,500020,India
674,"Test Call 123",Swaraj,Hyderabad,Telangana,500020,India
675,"Test Call",Swaraj,Hyderabad,Telangana,500020,India
676,"Test Call",Swaraj,Hyderabad,Telangana,500020,India
679,"Test Call 123",Swaraj,Hyderabad,Telangana,500020,India
680,Hi,Naina,How,are,500022,you
681,"Test Call 786","Street no. 8",Hyderabad,Telangana,500022,India
682,"Test Call 456",Swaraj,Hyderabad,Telangana,500022,India
683,"Test Call 456",Swaraj,Hyderabad,Telangana,500022,India
684,"Test Call 456142",Swaraj,Hyderabad,Telangana,500022,India
685,Silver123,Test,Hyderabad,Telangana,500022,India
686,"Test Call",Swaraj,Hyderabad,Telangana,500022,India
687,"Mamane Nourou","68 rue ordener",Paris,Paris,75018,France
688,"Maxine Mule","415 Misson St","San Francisco",CA,94105,"United States"
689,"Maxamillian Mule","123 High St","San Francisco",CA,94105,"United States"
690,Test,TEst,Test,Test,123,Test
691,"Dan the Man",Home,Winnipeg,MB,123456,Canada
693,"Rakesh Kumar Gupta","#108, Celebration Block-6,, SunCity Apt, Bellandur",Bangalore,Karnataka,560102,India
694,Tony,"#108, Celebration Block-6,, SunCity Apt, Bellandur",Bangalore,Karnataka,560102,India
695,"TEST NB",KPHB,HYDERABAD,TELANGANA,500018,INDIA
696,"NEW NB",KPHB,HYDERABAD,TELANGANA,500018,India
697,gfdk,ghkk,khgk,jkkjh,7867,jhhl
698,yiyoi,uyouiol,pijpiu,uyouyo,111,gjgk
699,aaa,ssss,ddddd,dddd,7867,jkhkj
700,"NEW NB1",KPHB1,HYDERABAD1,TELANGANA1,500018,India
701,samajavaragamana,Swaraj,Hyderabad,Telangana,500022,India
702,"Maxine Mule","415 Mission St","San Francisco",CA,94105,"United Stated"
703,"Mamane Nourou","68 rue ordener",Paris,Paris,75018,France
704,"Jonny Melavo",A,B,C,12021,D
705,manasa,street,Hyd,Telangana,500092,India
706,"Elon Musk",A,B,C,1960,F
707,sha1,a,b,bihar,560213,India
708,gslab,baner,pune,MH,471411,India
709,Antony,ferminus,aaigem,opaaigem,9420,belgium
710,Rakesh,hillstreet,bangaloru,"noth india",9420,India
711,"a. tester","123 bourke st",melbourne,vic,3000,Australia
712,"another tester ","345 collins st",melbourne,vic,3000,Australia
717,arun,street1,city1,state1,9420,india
718,"Timothy Hanline","8902 Arbor Creek Dr",Charlotte,NC,28269,"United States"
719,gslab1,baner,pune,MH,471411,India
720,Tonyo,"Street str. 62",Toronto,state,11111,Mars
721,"Tony Antony",erpestraat,Aaigem,aaigem,9420,Belgium
722,Juj,Jaj,Ne,M,11111,Mars
725,12,34,56,78,11111,Mars
726,"max mule",CA,Calniforna,usa,94105,usa
727,mmmmm,mmmm,mmmm,mmmm,94105,eerrr
728,"Maxine Mule","415 Mission St","San Francisco",CA,94105,"Verenigde Staten"
729,"Maxime the Giraffe","100 man Street",jungle,somewhere,98745,Earth
730,Televerde,"4636 E University Drive",Phoenix,AZ,85251,USA
731,Televerde,"4636 E University Drive",Phoenix,AZ,85251,"United States"
732,Televerde,"4636 E University Drive",Phoenix,AZ,85251,"United States"
733,Televerde,"4636 E University Drive",Phoenix,AZ,85251,"United States"
734,"Max the Turtle","100 mian Street",USA,Earth,98745,"Milky way"
735,paidi,street,city,state,500092,India
736,Bobo,"dim st 10",gogo,rn,434343,tango
737,ff,adf,adf,fsd,434343,sdf
738,adsfasd,ghh4,adaz,gbe3,434343,erer
739,testname,teststreet,testcity,teststate,44011,Canada
740,testname1,teststreet1,testcity1,teststate1,44011,Canada
741,"Suman Veerla",Swaraj,Hyderabad,Telangana,500022,India
742,"Suman Veerla",Swaraj,Hyderabad,Telangana,500020,India
743,"Suman Veerla",Swaraj,Hyderabad,Telangana,500020,India
744,"Suman Veerla",Swaraj,Hyderabad,Telangana,500020,India
745,"Suman Veerla",Swaraj,Hyderabad,Telangana,500020,India
746,"Suman Veerla",Swaraj,Hyderabad,Telangana,500020,India
747,"Test Call",Swaraj,Hyderabad,Telangana,500020,India
748,Silver,Test,Hyderabad,Telangana,500020,India
749,"Test Call 456",Swaraj,Hyderabad,Telangana,500020,India
750,Silver,Test,Hyderabad,Telangana,500020,India
751,"Maximilian Mule","123 High St","San Francisco",CA,94105,"Verenigde Staten"
752,"Test Call",Swaraj,Hyderabad,Telangana,500020,India
753,"Suman Veerla",Swaraj,Hyderabad,Telangana,500020,India
754,"Suman Veerla",Swaraj,Hyderabad,Telangana,500020,India
755,"Suman Veerla",Swaraj,Hyderabad,Telangana,500020,Australia
756,"Suman Veerla",Swaraj,Hyderabad,Telangana,500022,USA
757,"Suman Veerla",Swaraj,Hyderabad,Telangana,500020,USA
758,"Suman Veerla",Swaraj,Hyderabad,Telangana,500020,Newzealand
759,"Test Call 123",Swaraj,Hyderabad,Telangana,500020,India
760,"Suman Veerla",Swaraj,Hyderabad,Telangana,500020,India
761,"Suman Veerla 123",Swaraj,Hyderabad,Telangana,500020,India
762,"Suman Veerla 456",Swaraj,Hyderabad,Telangana,500020,India
763,"Suman Veerla",Swaraj,Hyderabad,Telangana,500020,India
764,"Suman Veerla 123",Swaraj,Hyderabad,Telangana,500020,India
765,"Test Call 123",Swaraj,Hyderabad,Telangana,500020,India
766,"Suman Veerla 456",Swaraj,Hyderabad,Telangana,500020,India
767,"Suman Veerla",Swaraj,Hyderabad,Telangana,500020,India
768,"Test Call",Swaraj,Hyderabad,Telangana,500020,India
769,"Suman Veerla112",Swaraj,Hyderabad,Telangana,500020,India
770,Silver,Test,Hyderabad,Telangana,500020,India
771,"Suman Veerla",Swaraj,Hyderabad,Telangana,500020,India
772,"Test Call",Swaraj,Hyderabad,Telangana,500020,India
773,"Suman Veerla 456",Swaraj,Hyderabad,Telangana,500020,India
774,"Test Call 123",Swaraj,Hyderabad,Telangana,500020,India
775,"Test Call",Swaraj,Hyderabad,Telangana,500020,India
776,"Suman Veerla",Swaraj,Hyderabad,Telangana,500020,India
777,"Suman Veerla 427",Swaraj,Hyderabad,Telangana,500020,India
778,"Suman Veerla 456",Swaraj,Hyderabad,Telangana,500020,India
779,"Suman Veerla 427",Swaraj,Hyderabad,Telangana,500020,India
780,"Suman Veerla",Swaraj,Hyderabad,Telangana,500020,India
781,Silver,Test,Hyderabad,Telangana,500020,India
782,"Test Call 456",Swaraj,Hyderabad,Telangana,500020,India
783,"Suman Veerla",Swaraj,Hyderabad,Telangana,500020,India
784,Silver,Test,Hyderabad,Telangana,500020,India
785,"Suman Veerla 456",Swaraj,Hyderabad,Telangana,500020,India
786,"Suman Veerla 427",Swaraj,Hyderabad,Telangana,500020,India
788,Sindhura,rm,hyderabad,telangana,500025,india
789,"Suman Veerla",Swaraj,Hyderabad,Telangana,500020,India
790,"Test Call",Swaraj,Hyderabad,Telangana,500020,India
791,"Test Call 456",Swaraj,Hyderabad,Telangana,500022,India
792,"Suman Veerla 427",Swaraj,Hyderabad,Telangana,500020,India
793,"Suman Veerla",Swaraj,Hyderabad,Telangana,500020,India
794,"Test Call",Swaraj,Hyderabad,Telangana,500020,India
795,"Suman Veerla 456",Swaraj,Hyderabad,Telangana,500020,India
796,"Suman Veerla 456",Swaraj,Hyderabad,Telangana,500020,India
797,"Test Call 456",Swaraj,Hyderabad,Telangana,500020,India
798,Silver,Test,Hyderabad,Telangana,500020,India
799,"Test Call 123",Swaraj,Hyderabad,Telangana,500020,India
800,"Test Call",Swaraj,Hyderabad,Telangana,500020,India
801,"Test Call 123",Swaraj,Hyderabad,Telangana,500020,India
802,"Test Call 123",Swaraj,Hyderabad,Telangana,500020,India
803,"Suman Veerla",Swaraj,Hyderabad,Telangana,500020,India
804,"Test Call",Swaraj,Hyderabad,Telangana,500020,India
805,"Test Call 123",Swaraj,Hyderabad,Telangana,500020,India
806,"Suman Veerla",Swaraj,Hyderabad,Telangana,500020,India
807,"Suman Veerla 427",Swaraj,Hyderabad,Telangana,500020,India
808,"Suman Veerla",Swaraj,Hyderabad,Telangana,500020,India
809,"Suman Veerla 427",Swaraj,Hyderabad,Telangana,500020,India
810,"Test Call",Swaraj,Hyderabad,Telangana,500020,India
811,"Suman Veerla",Swaraj,Hyderabad,Telangana,500020,India
812,"Test Call 123",Swaraj,Hyderabad,Telangana,500020,India
813,"Suman Veerla 427",Swaraj,Hyderabad,Telangana,500020,India
814,"Test Call",Swaraj,Hyderabad,Telangana,500020,India
815,"another tester 2","500 collins st",melbourne,vic,3000,Australia
816,Dani,"Santa Cristina",Cceres,Cceres,10083,Spain
817,"Demo CG",Demo,Stokrooie,Belgi,3511,BELGIUM
822,"Anusha Yellamanchale","21303 Southolme Way",Ashburn,Virginia,20147,"United States"
823,ddd,ddd,dd,dd,94105,cc
824,yy,yy,yy,yy,94105,"Cocos (Keeling) Islands"
825,uuu,uu,uu,uu,94105,"Cocos (Keeling) Islands"
826,"lakshmi kaza","21303 Southolme Way",Ashburn,Virginia,20147,"United States"
827,Jestin,"134 E cham",Aurora,CO,80011,"United States"
828,"James Ma","123 E solan",denv,co,80012,"United States"
829,ty,"23 lko",sa,as,8009,usa
830,h0,"23 e sal",we,we,304,usa
831,jjj,"aabnnn ",aurora,CV,80011,usa
832,eree,ja,ye,re,80011,usa
834,"Avinash Theman","123 Main Street",Alpha,NC,28223,USA
835,Adam,Sol,Dug,CO,80011,USA
836,Don,Nod,Den,CO,80011,usa
837,"Avinash Theman","123 Main Street",Alpha,NC,1960,"United States"
838,"Roopa Raani",abc,xyz,zzz,10101,India
839,"Roopa Raani",abc,xyz,zzz,10,India
840,"Mr  Robot","100 Main street ",Chicago,IL,60564,USA
841,"Alka Singh","A4-1204, SPARKLET MEGAPOLIS, HINJAWADI PHASE 3",PUNE,MAHARASHTRA,411057,India
842,"tester 01",SG,SG,SG,681762,SG
843,ABX0001,SG,SG,SG,73981271,SG
844,ABS0004,SGS,SGS,SGS,87818,SGS
845,"Ashutosh Singh","SPARKLET MEGAPOLIS, HINJAWADI PHASE 3",PUNE,MAHARASHTRA,411057,India
846,"Sesh Gaddam","AAS road",Kurnool,"Andhra Pradesh",518302,India
847,tttdf,"5401 76th Ave","San Francisco",SA,94116,19
848,ddddtftf,"5401 76th Ave","San Francisco",Maryland,94105,19
